Dataset,Model,Step,embedding_norm,logit_norm,l1_norm,weight_variance,Avg_Probability
OWT,Model 124M,500,131.59634399414062,279.5185241699219,651576.25,0.0004486729158088565,0.04898289144784212
OWT,Model 124M,1000,138.62693786621094,384.13226318359375,684838.375,0.0004978946526534855,0.043482962898910044
OWT,Model 124M,1500,145.4404754638672,447.2615661621094,716541.125,0.0005480406689457595,0.07082376705855131
OWT,Model 124M,2000,152.07269287109375,501.7677307128906,747077.8125,0.0005991625366732478,0.07982512900978327
OWT,Model 124M,2500,158.4272918701172,537.758544921875,776203.75,0.0006502825999632478,0.08433206176012754
OWT,Model 124M,3000,164.4658203125,569.1796875,803664.375,0.0007007990498095751,0.08118740970641375
OWT,Model 124M,3500,170.29649353027344,596.4534912109375,830096.125,0.0007513695163652301,0.0892095183134079
OWT,Model 124M,4000,176.00238037109375,615.1555786132812,855904.4375,0.0008025631541386247,0.09684316901862622
OWT,Model 124M,4500,181.39892578125,625.5454711914062,880249.3125,0.0008525337907485664,0.09909538905322551
OWT,Model 124M,5000,186.54965209960938,632.5454711914062,903447.125,0.0009016356198117137,0.09919383932650089
OWT,Model 124M,5500,191.61822509765625,644.5148315429688,926298.0,0.0009512963588349521,0.09713866704702377
OWT,Model 124M,6000,196.52584838867188,655.4183959960938,948373.0,0.0010006484808400273,0.10554528196901083
OWT,Model 124M,6500,201.3106231689453,674.6453857421875,969942.625,0.0010499667841941118,0.09796539551764727
OWT,Model 124M,7000,205.98062133789062,696.1458129882812,990989.1875,0.0010992459720000625,0.09422133047133684
OWT,Model 124M,7500,210.50843811035156,713.4501342773438,1011350.0625,0.001148104085586965,0.09266949241608381
OWT,Model 124M,8000,214.8655242919922,728.4617919921875,1030947.75,0.00119612249545753,0.10389839273691177
OWT,Model 124M,8500,219.17486572265625,739.7050170898438,1050323.0,0.0012445825850591063,0.10631482742726803
OWT,Model 124M,9000,223.36741638183594,738.3941040039062,1069129.125,0.0012926525669172406,0.10420747681707143
OWT,Model 124M,9500,227.4901123046875,729.937255859375,1087646.625,0.0013408100930973887,0.10498783778399229
OWT,Model 124M,10000,231.59585571289062,715.8975830078125,1106144.625,0.0013896446907892823,0.10029738368839025
OWT,Model 124M,10500,235.57650756835938,702.9725341796875,1124065.0,0.0014378252672031522,0.09839056605845689
OWT,Model 124M,11000,239.43679809570312,691.7308349609375,1141484.75,0.0014853335451334715,0.10651125663518905
OWT,Model 124M,11500,243.26194763183594,693.3261108398438,1158661.5,0.0015331706963479519,0.10363080541789532
OWT,Model 124M,12000,246.9522705078125,703.5741577148438,1175261.0,0.0015800404362380505,0.10978649216145277
OWT,Model 124M,12500,250.5804443359375,715.20458984375,1191620.25,0.0016268087783828378,0.10524053871631622
OWT,Model 124M,13000,254.0733184814453,726.91455078125,1207382.75,0.0016724775778129697,0.11104839043319226
OWT,Model 124M,13500,257.59735107421875,737.9561157226562,1223311.75,0.001719194115139544,0.10442230655997992
OWT,Model 124M,14000,261.0189208984375,741.6356811523438,1238821.125,0.0017651683883741498,0.10588417121767998
OWT,Model 124M,14500,264.42742919921875,746.0430908203125,1254257.0,0.001811570138670504,0.11400069955736399
OWT,Model 124M,15000,267.7701721191406,755.0917358398438,1269354.0,0.0018576610600575805,0.1082528543844819
OWT,Model 124M,15500,271.0684509277344,762.1465454101562,1284230.5,0.0019037069287151098,0.1067995406165719
OWT,Model 124M,16000,274.327392578125,766.134521484375,1298949.5,0.0019497568719089031,0.11734198450297117
OWT,Model 124M,16500,277.5423889160156,760.7916259765625,1313466.875,0.0019957255572080612,0.10979870982468128
OWT,Model 124M,17000,280.7030029296875,758.1408081054688,1327693.5,0.0020414385944604874,0.1080750456750393
OWT,Model 124M,17500,283.8387145996094,760.3690795898438,1341834.625,0.002087302738800645,0.11087039786577224
OWT,Model 124M,18000,286.9462890625,769.2805786132812,1355898.5,0.002133257919922471,0.11577020528167487
OWT,Model 124M,18500,289.9499816894531,788.4215698242188,1369490.0,0.002178153023123741,0.10971230095624923
OWT,Model 124M,19000,292.9920959472656,813.8576049804688,1383184.25,0.002224098425358534,0.11486487739533185
OWT,Model 124M,19500,295.9094543457031,839.4826049804688,1396409.75,0.002268610056489706,0.11226330605894327
OWT,Model 124M,20000,298.7841796875,861.4702758789062,1409462.125,0.0023129025939852,0.11148065572977066
OWT,Model 124M,20500,301.5654602050781,872.7670288085938,1422114.625,0.00235616322606802,0.11185346603393555
OWT,Model 124M,21000,304.27252197265625,876.0807495117188,1434518.25,0.00239865412004292,0.11656740022450686
OWT,Model 124M,21500,307.0762634277344,877.45361328125,1447200.5,0.0024430628400295973,0.10793107546120882
OWT,Model 124M,22000,309.86090087890625,875.4193725585938,1459882.75,0.002487572142854333,0.1156358596906066
OWT,Model 124M,22500,312.6480712890625,875.89013671875,1472471.625,0.002532524522393942,0.11370168759673834
OWT,Model 124M,23000,315.30694580078125,871.4677734375,1484517.0,0.0025757825933396816,0.11402078510075808
OWT,Model 124M,23500,318.00994873046875,862.962646484375,1496884.0,0.0026201345026493073,0.11272718551009893
OWT,Model 124M,24000,320.6678161621094,852.7567749023438,1508982.625,0.0026641148142516613,0.11321020066738129
OWT,Model 124M,24500,323.2983703613281,845.5570068359375,1520953.0,0.0027080033905804157,0.11427917175740003
OWT,Model 124M,25000,325.9246826171875,833.622802734375,1532895.0,0.0027521788142621517,0.11049085396528244
OWT,Model 124M,25500,328.5382080078125,820.4384765625,1544754.25,0.00279649393633008,0.11036412252485753
OWT,Model 124M,26000,331.12823486328125,807.5401611328125,1556518.5,0.002840760163962841,0.11604777174443007
OWT,Model 124M,26500,333.7120361328125,793.8538818359375,1568256.75,0.0028852662071585655,0.11788952447474003
OWT,Model 124M,27000,336.34991455078125,788.7817993164062,1580206.0,0.0029310607351362705,0.12161325597763062
OWT,Model 124M,27500,338.9057312011719,783.2945556640625,1591837.0,0.002975773997604847,0.11406520634889603
OWT,Model 124M,28000,341.4015197753906,782.662109375,1603240.5,0.0030197645537555218,0.11985549445450305
OWT,Model 124M,28500,343.833984375,782.967529296875,1614342.0,0.0030629492830485106,0.1236673953384161
OWT,Model 124M,28759,345.11444091796875,784.3873291015625,1620116.25,0.0030858044046908617,0.12258066661655903
OWT,Model 124M,29000,346.33319091796875,785.3236694335938,1625657.5,0.0031076380982995033,0.12355008655786515
OWT,Model 124M,29500,348.81890869140625,789.1871337890625,1636923.625,0.0031524060759693384,0.12187495348602534
OWT,Model 124M,30000,351.3363952636719,789.6260986328125,1648445.5,0.0031980734784156084,0.12701445474475623
OWT,Model 124M,30500,353.7847595214844,789.7765502929688,1659550.375,0.0032428018748760223,0.12118783896416425
OWT,Model 124M,31000,356.2835388183594,784.8046875,1670907.75,0.0032887712586671114,0.11979232164472342
OWT,Model 124M,31500,358.6852722167969,780.2479858398438,1681839.25,0.003333260538056493,0.12438322108983993
OWT,Model 124M,32000,361.05322265625,773.3701171875,1692601.0,0.003377416403964162,0.12433533630520105
OWT,Model 124M,32500,363.41571044921875,769.7083740234375,1703364.125,0.0034217594657093287,0.1187663250118494
OWT,Model 124M,33000,365.7969055175781,756.63427734375,1714176.375,0.003466747933998704,0.12312771078199149
OWT,Model 124M,33500,368.113525390625,744.0418090820312,1724690.375,0.0035107971634715796,0.12482477068156005
OWT,Model 124M,34000,370.421142578125,723.8368530273438,1735213.375,0.0035549518652260303,0.12536318116635084
OWT,Model 124M,34500,372.763427734375,706.7923583984375,1745796.375,0.003600051160901785,0.12401070886105299
OWT,Model 124M,35000,375.1033935546875,691.0783081054688,1756485.0,0.003645391436293721,0.12445054502040148
OWT,Model 124M,35500,377.4315490722656,679.93896484375,1767174.5,0.0036907836329191923,0.12088473650813103
OWT,Model 124M,36000,379.7704772949219,672.4151611328125,1777848.75,0.0037366682663559914,0.12957510248571635
OWT,Model 124M,36500,382.11181640625,667.344482421875,1788492.0,0.0037828851491212845,0.12447914903610945
OWT,Model 124M,37000,384.3756408691406,666.5717163085938,1798779.375,0.0038278403226286173,0.11825284676998854
OWT,Model 124M,37500,386.71258544921875,666.63671875,1809461.0,0.0038745275232940912,0.13213759358227253
OWT,Model 124M,38000,389.0399169921875,666.2586059570312,1820064.375,0.003921304363757372,0.1331606954932213
OWT,Model 124M,38500,391.3656005859375,671.984130859375,1830662.125,0.003968327306210995,0.13392460086941718
OWT,Model 124M,39000,393.70806884765625,675.251953125,1841373.875,0.004015973303467035,0.13009702067822218
OWT,Model 124M,39500,396.0622253417969,682.611328125,1852061.5,0.00406414270401001,0.12836511735618114
OWT,Model 124M,40000,398.4468994140625,682.9530029296875,1862835.125,0.004113229922950268,0.13238596598058938
OWT,Model 124M,40500,400.8417053222656,683.1622924804688,1873595.5,0.004162822850048542,0.13031943989545106
OWT,Model 124M,41000,403.1599426269531,685.9931030273438,1884143.25,0.004211112856864929,0.13300473305583
OWT,Model 124M,41500,405.54486083984375,685.1761474609375,1894924.0,0.004261082038283348,0.13193337807059288
OWT,Model 124M,42000,407.9854431152344,678.73681640625,1905900.625,0.004312524572014809,0.13273603869229555
OWT,Model 124M,42500,410.4507751464844,671.7490234375,1916970.25,0.0043647997081279755,0.14075868138670922
OWT,Model 124M,43000,412.9031677246094,669.7318115234375,1928054.5,0.004417113959789276,0.13704772379994393
OWT,Model 124M,43500,415.38531494140625,672.7144775390625,1939169.625,0.004470380488783121,0.1365137515887618
OWT,Model 124M,44000,417.8759765625,677.4310302734375,1950249.875,0.0045241499319672585,0.13427644120901824
OWT,Model 124M,44500,420.4000549316406,683.1838989257812,1961467.5,0.0045789689756929874,0.14019484862685203
OWT,Model 124M,45000,422.9429931640625,685.9740600585938,1972812.5,0.004634532146155834,0.13906512255966663
OWT,Model 124M,45500,425.4620666503906,686.66845703125,1984042.625,0.0046899025328457355,0.13778479767590762
OWT,Model 124M,46000,427.93682861328125,687.5706787109375,1995084.5,0.004744620528072119,0.14245419763028622
OWT,Model 124M,46500,430.42657470703125,688.8799438476562,2006155.375,0.0047999899834394455,0.14341507145762444
OWT,Model 124M,47000,432.9151306152344,686.4820556640625,2017284.75,0.004855653271079063,0.13774663523584604
OWT,Model 124M,47500,435.3837890625,679.7522583007812,2028228.75,0.004911189433187246,0.14141219912469388
OWT,Model 124M,48000,437.84710693359375,670.5552978515625,2039152.5,0.004966920241713524,0.14383869817852973
OWT,Model 124M,48500,440.2909851074219,665.46142578125,2050094.75,0.00502252159640193,0.13877551989257336
OWT,Model 124M,49000,442.70355224609375,659.1203002929688,2060879.5,0.005077713169157505,0.138630808532238
OWT,Model 124M,49500,445.11273193359375,652.8034057617188,2071603.75,0.0051331291906535625,0.1437549490183592
OWT,Model 124M,50000,447.5242919921875,653.887939453125,2082250.0,0.005188900977373123,0.14504947862029074
OWT,Model 124M,50500,449.93194580078125,662.4821166992188,2092943.625,0.00524488277733326,0.14731390319764615
OWT,Model 124M,51000,452.3128662109375,673.1323852539062,2103466.5,0.005300539545714855,0.14370517994463444
OWT,Model 124M,51500,454.6659851074219,677.28369140625,2113901.0,0.005355834495276213,0.14497249068319798
OWT,Model 124M,52000,457.0498352050781,679.1834106445312,2124451.5,0.0054121436551213264,0.14767394603788853
OWT,Model 124M,52500,459.3824157714844,678.3395385742188,2134837.5,0.005467526614665985,0.1455815511494875
OWT,Model 124M,53000,461.71868896484375,681.4205322265625,2145140.5,0.005523280240595341,0.1477944030612707
OWT,Model 124M,53500,464.05560302734375,688.109130859375,2155512.5,0.005579331889748573,0.1438051252961159
OWT,Model 124M,54000,466.33843994140625,693.0220336914062,2165620.75,0.0056343600153923035,0.14632592740654946
OWT,Model 124M,54500,468.6258544921875,695.069091796875,2175678.25,0.005689769517630339,0.1447298090904951
OWT,Model 124M,55000,470.8992614746094,693.6185913085938,2185675.0,0.005745108239352703,0.15187026806175707
OWT,Model 124M,55500,473.1735534667969,689.43017578125,2195681.75,0.005800736602395773,0.1474069515168667
OWT,Model 124M,56000,475.4366760253906,683.9547119140625,2205636.0,0.0058563570491969585,0.14602307279407978
OWT,Model 124M,56500,477.67962646484375,681.0567016601562,2215565.25,0.005911743268370628,0.14860552041232586
OWT,Model 124M,57000,479.914306640625,677.796875,2225476.5,0.005967185832560062,0.15129469344019889
OWT,Model 124M,57500,482.1258850097656,672.6177368164062,2235217.5,0.006022310350090265,0.14526747995615005
OWT,Model 124M,57518,482.200439453125,672.5877685546875,2235540.0,0.006024172063916922,0.1512823631465435
OWT,Model 124M,58000,484.3413391113281,664.0859985351562,2244934.5,0.006077783647924662,0.1517349164634943
OWT,Model 124M,58500,486.53118896484375,654.0667114257812,2254631.0,0.006132866721600294,0.15051259203255177
OWT,Model 124M,59000,488.7026062011719,646.4094848632812,2264178.0,0.006187731865793467,0.1515798746049404
OWT,Model 124M,59500,490.8966979980469,650.2571411132812,2273761.75,0.00624341843649745,0.1519269448965788
OWT,Model 124M,60000,493.0348815917969,657.2767944335938,2283195.5,0.006297924555838108,0.14954043769836425
OWT,Model 124M,60500,495.1701354980469,659.4435424804688,2292496.75,0.006352592725306749,0.1508310114890337
OWT,Model 124M,61000,497.32012939453125,660.8234252929688,2301948.0,0.006407877895981073,0.15023120659589767
OWT,Model 124M,61500,499.45147705078125,659.8685913085938,2311267.75,0.006462919060140848,0.15350850668549537
OWT,Model 124M,62000,501.56695556640625,656.4345703125,2320556.75,0.006517783738672733,0.1520526330769062
OWT,Model 124M,62500,503.6584777832031,653.1227416992188,2329721.25,0.006572255399078131,0.14869095860421658
OWT,Model 124M,63000,505.76068115234375,653.4118041992188,2338935.5,0.006627232767641544,0.150697656840086
OWT,Model 124M,63500,507.8424072265625,651.0051879882812,2348039.0,0.006681900937110186,0.15275736659765243
OWT,Model 124M,64000,509.9315185546875,651.592529296875,2357223.75,0.0067369891330599785,0.14743119928240775
OWT,Model 124M,64500,511.9929504394531,651.0402221679688,2366292.5,0.006791568826884031,0.15089990594983102
OWT,Model 124M,65000,514.0582275390625,650.6337890625,2375346.5,0.006846470758318901,0.15634772503376007
OWT,Model 124M,65500,516.089111328125,646.8685913085938,2384247.75,0.0069006746634840965,0.1503193714171648
OWT,Model 124M,66000,518.116943359375,646.6739501953125,2393084.5,0.006955008953809738,0.15302261731028557
OWT,Model 124M,66500,520.1348876953125,643.8189086914062,2401994.25,0.007009290624409914,0.15857593318819999
OWT,Model 124M,67000,522.1499633789062,638.537841796875,2410837.25,0.00706370547413826,0.15517943792045116
OWT,Model 124M,67500,524.156982421875,634.1383666992188,2419690.0,0.007118111941963434,0.1552752501964569
OWT,Model 124M,68000,526.1381225585938,629.0441284179688,2428386.75,0.007172021083533764,0.15320954340696336
OWT,Model 124M,68500,528.1282958984375,622.2051391601562,2437130.5,0.0072263809852302074,0.15403167368471624
OWT,Model 124M,69000,530.0859985351562,613.7687377929688,2445794.75,0.007280055899173021,0.15346141673624517
OWT,Model 124M,69500,532.023193359375,602.5883178710938,2454269.75,0.007333362940698862,0.1583200515806675
OWT,Model 124M,70000,533.974609375,594.656005859375,2462890.5,0.007387257181107998,0.15948986330628395
OWT,Model 124M,70500,535.9146728515625,596.8963623046875,2471439.25,0.007441035471856594,0.15088024574518205
OWT,Model 124M,71000,537.8406982421875,600.2939453125,2479965.5,0.0074946158565580845,0.1573421733826399
OWT,Model 124M,71500,539.7656860351562,602.9325561523438,2488429.5,0.007548357825726271,0.158801604449749
OWT,Model 124M,72000,541.707275390625,601.255615234375,2497015.5,0.007602761033922434,0.15517177368700505
OWT,Model 124M,72500,543.621337890625,598.79833984375,2505388.25,0.007656584959477186,0.16005418057739734
OWT,Model 124M,73000,545.5245971679688,592.946533203125,2513727.0,0.0077102892100811005,0.15899600388109683
OWT,Model 124M,73500,547.4185791015625,585.77197265625,2522003.0,0.00776391988620162,0.15807445803284645
OWT,Model 124M,74000,549.3262329101562,579.5382080078125,2530408.75,0.007818125188350677,0.15310952611267567
OWT,Model 124M,74500,551.2042846679688,578.2518920898438,2538654.5,0.007871676236391068,0.15803553669154644
OWT,Model 124M,75000,553.0791625976562,576.0745849609375,2546858.25,0.007925315760076046,0.16176839895546435
OWT,Model 124M,75500,554.953369140625,580.7125854492188,2555108.0,0.007979121059179306,0.15695958523452283
OWT,Model 124M,76000,556.8217163085938,584.2449951171875,2563311.0,0.008032936602830887,0.16221747748553753
OWT,Model 124M,76500,558.6699829101562,590.1193237304688,2571344.5,0.008086350746452808,0.16086006681621073
OWT,Model 124M,77000,560.5120239257812,593.3103637695312,2579442.75,0.008139765821397305,0.15960038055479525
OWT,Model 124M,77500,562.3524780273438,592.7598266601562,2587553.75,0.008193306624889374,0.1652525597959757
OWT,Model 124M,78000,564.1900024414062,592.4736328125,2595653.5,0.008246938697993755,0.1565752622485161
OWT,Model 124M,78500,566.0302124023438,592.6896362304688,2603821.0,0.008300825022161007,0.15114289331436156
OWT,Model 124M,79000,567.8570556640625,593.6117553710938,2611830.25,0.008354490622878075,0.15569919066131116
OWT,Model 124M,79500,569.6969604492188,591.4012451171875,2619951.0,0.008408717811107635,0.15839483624696732
OWT,Model 124M,80000,571.5257568359375,592.1137084960938,2628034.0,0.008462791331112385,0.15504909779131412
OWT,Model 124M,80500,573.33740234375,590.2498168945312,2635961.5,0.0085165249183774,0.16684540663659572
OWT,Model 124M,81000,575.1742553710938,590.2832641601562,2644073.0,0.008571183308959007,0.16289344933629035
OWT,Model 124M,81500,576.9304809570312,590.6268920898438,2651829.0,0.008623606525361538,0.15905313313007355
OWT,Model 124M,82000,578.7359619140625,593.3193359375,2659785.0,0.008677663281559944,0.162648832321167
OWT,Model 124M,82500,580.5282592773438,592.2290649414062,2667670.5,0.008731495589017868,0.1648780137747526
OWT,Model 124M,83000,582.3012084960938,592.9530029296875,2675432.0,0.008784908801317215,0.15653651338815688
OWT,Model 124M,83500,584.0798950195312,589.3710327148438,2683226.0,0.008838660083711147,0.16377071872353555
OWT,Model 124M,84000,585.8426513671875,588.1546020507812,2690976.0,0.008892090991139412,0.1577848858833313
OWT,Model 124M,84500,587.6304321289062,589.3350830078125,2698862.5,0.008946443907916546,0.158625074416399
OWT,Model 124M,85000,589.4027099609375,588.5863037109375,2706663.25,0.009000488556921482,0.1603413082510233
OWT,Model 124M,85500,591.1649780273438,587.5908813476562,2714470.5,0.009054391644895077,0.15900754389166832
OWT,Model 124M,86000,592.9305419921875,586.111328125,2722287.5,0.009108556434512138,0.16405763898789882
OWT,Model 124M,86277,593.8952026367188,587.5314331054688,2726523.25,0.009138217195868492,0.1645534035116434
OWT,Model 30M,500,93.74931335449219,306.7496337890625,327989.9375,0.0004554161278065294,0.06573085847124457
OWT,Model 30M,1000,99.78418731689453,430.8824768066406,347863.5625,0.0005159358261153102,0.07090420401468873
OWT,Model 30M,1500,105.5994873046875,507.30975341796875,366850.1875,0.0005778243648819625,0.08872484149038792
OWT,Model 30M,2000,111.18769836425781,553.6245727539062,384980.34375,0.0006405982421711087,0.09883702348172664
OWT,Model 30M,2500,116.4873046875,580.7774658203125,402073.875,0.0007031199638731778,0.09962604459375143
OWT,Model 30M,3000,121.50706481933594,602.734375,418133.75,0.0007650243351235986,0.09768184360861779
OWT,Model 30M,3500,126.36402130126953,620.3377685546875,433680.3125,0.0008274067076854408,0.10295026208460331
OWT,Model 30M,4000,131.07901000976562,635.0230712890625,448723.21875,0.0008903042180463672,0.10969029861688614
OWT,Model 30M,4500,135.6184844970703,657.8967895507812,463205.4375,0.0009530374663881958,0.11699356989562512
OWT,Model 30M,5000,139.9672088623047,679.8098754882812,477007.875,0.0010151374153792858,0.11487392276525497
OWT,Model 30M,5500,144.21058654785156,698.9393920898438,490529.03125,0.0010776219423860312,0.11032272767275572
OWT,Model 30M,6000,148.31321716308594,711.7649536132812,503545.71875,0.0011398084461688995,0.12301637403666973
OWT,Model 30M,6500,152.3503875732422,717.2254638671875,516371.15625,0.0012027054326608777,0.11494809686392546
OWT,Model 30M,7000,156.2519073486328,717.358154296875,528764.5625,0.0012650940334424376,0.11442941688001156
OWT,Model 30M,7500,160.0703125,714.8302001953125,540919.625,0.0013276808895170689,0.11476854404807091
OWT,Model 30M,8000,163.72157287597656,708.7446899414062,552504.625,0.0013889416586607695,0.12587996331602336
OWT,Model 30M,8500,167.3603515625,705.1953125,564028.875,0.0014513671630993485,0.12660837741941214
OWT,Model 30M,9000,170.89073181152344,703.4843139648438,575252.0625,0.00151324481703341,0.12342178980261087
OWT,Model 30M,9500,174.35125732421875,700.0258178710938,586250.1875,0.0015751513419672847,0.12615883557498456
OWT,Model 30M,10000,177.75852966308594,697.2684936523438,597077.3125,0.0016373179387301207,0.12089626276493072
OWT,Model 30M,10500,181.08653259277344,699.6446533203125,607660.75,0.0016991996672004461,0.12230084440857172
OWT,Model 30M,11000,184.3450469970703,700.5894165039062,617982.3125,0.0017609014175832272,0.12750588761270046
OWT,Model 30M,11500,187.54100036621094,704.3849487304688,628139.375,0.0018224874511361122,0.12374519386142492
OWT,Model 30M,12000,190.6868896484375,704.0784912109375,638113.75,0.0018841428682208061,0.13505267448723315
OWT,Model 30M,12500,193.7799530029297,702.1239624023438,647997.25,0.0019457628950476646,0.12978670532256364
OWT,Model 30M,13000,196.7982177734375,699.7122802734375,657577.25,0.0020068481098860502,0.13333032369613648
OWT,Model 30M,13500,199.7957763671875,694.1151123046875,667166.6875,0.0020684488117694855,0.12828308112174272
OWT,Model 30M,14000,202.76560974121094,686.711181640625,676636.25,0.002130398526787758,0.1337452212497592
OWT,Model 30M,14500,205.6576690673828,678.16650390625,685891.625,0.002191603649407625,0.14098912626504898
OWT,Model 30M,15000,208.5179443359375,673.4793090820312,694990.625,0.002252989448606968,0.1309501685872674
OWT,Model 30M,15500,211.35321044921875,670.5870971679688,704002.875,0.0023146742023527622,0.13293033205717802
OWT,Model 30M,16000,214.1527099609375,669.8443603515625,712898.6875,0.002376399002969265,0.14512948271632195
OWT,Model 30M,16500,216.9138946533203,668.4146118164062,721732.0625,0.002438074443489313,0.1378535501509905
OWT,Model 30M,17000,219.6466522216797,666.9334716796875,730423.125,0.0024998928420245647,0.13108502419292928
OWT,Model 30M,17500,222.30105590820312,664.4818725585938,738911.4375,0.0025606793351471424,0.13979371701925994
OWT,Model 30M,18000,224.94610595703125,667.4126586914062,747369.0625,0.0026219787541776896,0.14289726001024247
OWT,Model 30M,18500,227.56295776367188,671.4786987304688,755738.3125,0.0026833373121917248,0.13695118585973978
OWT,Model 30M,19000,230.14231872558594,677.9423217773438,763911.875,0.0027445119339972734,0.14068346321582795
OWT,Model 30M,19500,232.70925903320312,678.5838012695312,772153.8125,0.0028060765471309423,0.14015125787258148
OWT,Model 30M,20000,235.2260284423828,673.4904174804688,780218.25,0.002867100527510047,0.1393250029310584
OWT,Model 30M,20500,237.72280883789062,671.8125,788259.625,0.002928288886323571,0.14070025581121445
OWT,Model 30M,21000,240.21099853515625,669.6520385742188,796249.1875,0.0029899089131504297,0.1460627139210701
OWT,Model 30M,21500,242.654296875,670.0824584960938,804064.1875,0.0030510418582707644,0.13989181930571795
OWT,Model 30M,22000,245.09573364257812,667.5361328125,811893.3125,0.0031127464026212692,0.14385196512937545
OWT,Model 30M,22500,247.47422790527344,663.7734985351562,819511.125,0.0031734537333250046,0.1431204949170351
OWT,Model 30M,23000,249.87709045410156,661.1702270507812,827177.5,0.0032353783026337624,0.14508990624547005
OWT,Model 30M,23500,252.28858947753906,661.113525390625,834937.375,0.003298126859590411,0.14468911427259445
OWT,Model 30M,24000,254.61341857910156,662.1475219726562,842369.8125,0.003359191119670868,0.14631519542634489
OWT,Model 30M,24500,256.9586486816406,668.7161254882812,849924.0625,0.0034213587641716003,0.14449529147148132
OWT,Model 30M,25000,259.2682189941406,674.1898193359375,857327.25,0.0034831392113119364,0.1448480115532875
OWT,Model 30M,25500,261.5628356933594,683.487548828125,864666.0,0.0035450654104351997,0.14362706504762174
OWT,Model 30M,26000,263.8247985839844,693.065185546875,871932.5,0.003606645856052637,0.1487196733802557
OWT,Model 30M,26500,266.0533447265625,701.7849731445312,879075.125,0.0036678335163742304,0.14602120244503022
OWT,Model 30M,27000,268.3209228515625,714.4825439453125,886356.125,0.0037306223530322313,0.1519955543130636
OWT,Model 30M,27500,270.5738830566406,727.366455078125,893580.0625,0.0037935334257781506,0.1404373651742935
OWT,Model 30M,28000,272.80401611328125,737.8453369140625,900755.875,0.0038563250564038754,0.14874889947474002
OWT,Model 30M,28500,274.99566650390625,741.2086181640625,907757.625,0.003918536473065615,0.148517271772027
OWT,Model 30M,28759,276.1072692871094,744.17724609375,911340.875,0.003950279671698809,0.15256071889400483
OWT,Model 30M,29000,277.16619873046875,743.3837890625,914759.0,0.003980637528002262,0.14849458019435405
OWT,Model 30M,29500,279.3216552734375,740.3785400390625,921706.6875,0.004042791668325663,0.14719844837486745
OWT,Model 30M,30000,281.46295166015625,740.214599609375,928639.875,0.004105014260858297,0.15311842675507067
OWT,Model 30M,30500,283.5896911621094,739.4769897460938,935487.75,0.0041672829538583755,0.1420647487938404
OWT,Model 30M,31000,285.703369140625,733.8071899414062,942312.25,0.004229635000228882,0.1471918454915285
OWT,Model 30M,31500,287.8157653808594,730.8583374023438,949099.0,0.004292410798370838,0.14761009196937083
OWT,Model 30M,32000,289.8930358886719,729.556884765625,955771.125,0.004354594741016626,0.15043786314129828
OWT,Model 30M,32500,291.9847717285156,726.5245361328125,962488.5,0.004417662508785725,0.14538824625313282
OWT,Model 30M,33000,294.0296325683594,722.6180419921875,969108.375,0.004479756113141775,0.14505896516144276
OWT,Model 30M,33500,296.0770263671875,719.5958251953125,975644.4375,0.004542360082268715,0.14968122255802155
OWT,Model 30M,34000,298.11004638671875,712.9236450195312,982245.125,0.004604953806847334,0.15088131800293922
OWT,Model 30M,34500,300.12664794921875,706.6261596679688,988726.0,0.004667466972023249,0.14714844593405724
OWT,Model 30M,35000,302.1646728515625,697.5426025390625,995308.4375,0.0047310711815953255,0.15089506322145463
OWT,Model 30M,35500,304.1941223144531,686.87890625,1001904.8125,0.004794835578650236,0.14655924923717975
OWT,Model 30M,36000,306.1963195800781,677.3931274414062,1008351.375,0.0048581622540950775,0.1515124990940094
OWT,Model 30M,36500,308.1863708496094,669.7872314453125,1014812.5,0.00492151640355587,0.14549825572967529
OWT,Model 30M,37000,310.1562805175781,661.6842041015625,1021142.0,0.004984633531421423,0.14648172236979007
OWT,Model 30M,37500,312.1247863769531,655.6954345703125,1027512.25,0.005048106890171766,0.15281784319877625
OWT,Model 30M,38000,314.0828857421875,651.9383544921875,1033799.3125,0.005111644044518471,0.15495800407230853
OWT,Model 30M,38500,316.02459716796875,651.5164794921875,1040077.25,0.005175041500478983,0.15469934110343456
OWT,Model 30M,39000,317.9612731933594,653.4148559570312,1046380.0625,0.005238663870841265,0.15216480998694898
OWT,Model 30M,39500,319.8949279785156,656.0181884765625,1052653.5,0.005302573554217815,0.1486079715639353
OWT,Model 30M,40000,321.80889892578125,653.9368286132812,1058829.75,0.005366216413676739,0.15376738734543324
OWT,Model 30M,40500,323.709228515625,648.6041870117188,1064994.25,0.0054297796450555325,0.15167085894942284
OWT,Model 30M,41000,325.5898132324219,642.7532348632812,1071023.75,0.005493050906807184,0.15317052732408046
OWT,Model 30M,41500,327.4942626953125,634.9882202148438,1077193.0,0.005557498894631863,0.15370643712580204
OWT,Model 30M,42000,329.3707275390625,629.8946533203125,1083275.0,0.00562136759981513,0.154712460398674
OWT,Model 30M,42500,331.2511291503906,624.192626953125,1089414.75,0.005685736425220966,0.1578582737892866
OWT,Model 30M,43000,333.1364440917969,618.5997314453125,1095531.0,0.005750641692429781,0.1554223456531763
OWT,Model 30M,43500,334.9941711425781,616.5855102539062,1101542.0,0.005814957898110151,0.15294511838257313
OWT,Model 30M,44000,336.8520202636719,617.81884765625,1107519.0,0.005879634525626898,0.1512646788060665
OWT,Model 30M,44500,338.690673828125,618.6145629882812,1113462.25,0.005943995900452137,0.15446330527961255
OWT,Model 30M,45000,340.5303955078125,617.0640869140625,1119425.0,0.0060087451711297035,0.15663551983237267
OWT,Model 30M,45500,342.3537902832031,612.0728149414062,1125327.25,0.006073265802115202,0.14765741872787475
OWT,Model 30M,46000,344.1530456542969,608.9389038085938,1131173.75,0.006137270480394363,0.15828209778666497
OWT,Model 30M,46500,345.9429016113281,604.026123046875,1136956.125,0.006201273296028376,0.1563851574510336
OWT,Model 30M,47000,347.7281188964844,597.3907470703125,1142749.375,0.006265441421419382,0.15098962819576264
OWT,Model 30M,47500,349.4998779296875,590.0140991210938,1148444.25,0.006329450756311417,0.15596912057697773
OWT,Model 30M,48000,351.2686462402344,582.1231079101562,1154139.0,0.006393678952008486,0.15633417248725892
OWT,Model 30M,48500,353.0390930175781,573.1168212890625,1159883.5,0.006458290386945009,0.15336158995330335
OWT,Model 30M,49000,354.799072265625,564.7808837890625,1165626.5,0.006522843148559332,0.1537893154025078
OWT,Model 30M,49500,356.5519104003906,558.8501586914062,1171329.5,0.006587452720850706,0.15298638692498207
OWT,Model 30M,50000,358.3201904296875,555.3233032226562,1177070.0,0.006652954500168562,0.15580217428505422
OWT,Model 30M,50500,360.06829833984375,553.5784912109375,1182725.25,0.006718027405440807,0.1560313295274973
OWT,Model 30M,51000,361.7910461425781,552.7349853515625,1188318.25,0.006782466545701027,0.15483493240177632
OWT,Model 30M,51500,363.50494384765625,553.4736328125,1193892.25,0.006846878211945295,0.1543573116660118
OWT,Model 30M,52000,365.2470397949219,552.7862548828125,1199530.75,0.006912664044648409,0.1587333042472601
OWT,Model 30M,52500,366.9687194824219,549.6854858398438,1205139.5,0.006977984681725502,0.15457380539178847
OWT,Model 30M,53000,368.7010192871094,543.328125,1210757.75,0.0070440205745399,0.1601323373913765
OWT,Model 30M,53500,370.4046630859375,538.38134765625,1216328.875,0.007109267171472311,0.15591169925034046
OWT,Model 30M,54000,372.0963134765625,529.8237915039062,1221851.875,0.007174352649599314,0.15805574469268321
OWT,Model 30M,54500,373.7999572753906,524.521484375,1227354.875,0.007240197621285915,0.1575500602722168
OWT,Model 30M,55000,375.4651184082031,519.6383666992188,1232751.25,0.007304848171770573,0.16090459130704404
OWT,Model 30M,55500,377.1307067871094,514.7761840820312,1238149.75,0.007369800470769405,0.15647715932130812
OWT,Model 30M,56000,378.8118896484375,511.1893005371094,1243611.5,0.007435652893036604,0.1550174680799246
OWT,Model 30M,56500,380.4892578125,508.99261474609375,1249070.25,0.007501649670302868,0.15670382261276244
OWT,Model 30M,57000,382.18231201171875,509.7310791015625,1254557.75,0.007568558678030968,0.16005691716074943
OWT,Model 30M,57500,383.80145263671875,509.4593200683594,1259815.5,0.00763282272964716,0.1555482921153307
OWT,Model 30M,57518,383.8605041503906,509.4776916503906,1259996.625,0.007635172456502914,0.15905901077389717
OWT,Model 30M,58000,385.46728515625,505.3549499511719,1265217.75,0.007699225563555956,0.1582932816296816
OWT,Model 30M,58500,387.1172180175781,500.81256103515625,1270620.75,0.0077652777545154095,0.15863639195263385
OWT,Model 30M,59000,388.74090576171875,498.2677001953125,1275910.5,0.007830552756786346,0.1588989478945732
OWT,Model 30M,59500,390.3971862792969,494.7409973144531,1281301.125,0.007897420786321163,0.15772277130186557
OWT,Model 30M,60000,392.0165710449219,491.47674560546875,1286608.5,0.007963075302541256,0.15713161881268026
OWT,Model 30M,60500,393.6322326660156,490.3516845703125,1291810.0,0.0080288490280509,0.15863368479907514
OWT,Model 30M,61000,395.2383728027344,490.85333251953125,1297026.25,0.008094500750303268,0.15815634727478028
OWT,Model 30M,61500,396.83880615234375,489.6665954589844,1302278.375,0.008160187862813473,0.16022841729223727
OWT,Model 30M,62000,398.44622802734375,487.1477355957031,1307516.75,0.008226429112255573,0.15652977469563484
OWT,Model 30M,62500,400.0376281738281,484.2733154296875,1312721.5,0.008292272686958313,0.15504212629795075
OWT,Model 30M,63000,401.642333984375,481.7886962890625,1317974.75,0.00835893303155899,0.160305881857872
OWT,Model 30M,63500,403.22943115234375,478.3646240234375,1323160.625,0.008425124920904636,0.15795995941758156
OWT,Model 30M,64000,404.8319396972656,472.72125244140625,1328421.5,0.008492223918437958,0.15204611305892468
OWT,Model 30M,64500,406.42822265625,472.3465270996094,1333625.375,0.008559325709939003,0.15521846015751362
OWT,Model 30M,65000,408.0002746582031,473.1593017578125,1338765.75,0.008625669404864311,0.1620864380300045
OWT,Model 30M,65500,409.56134033203125,470.9093933105469,1343881.5,0.008691800758242607,0.15668466487526894
OWT,Model 30M,66000,411.144287109375,471.16632080078125,1349035.0,0.008759118616580963,0.16075061565637588
OWT,Model 30M,66500,412.6908264160156,472.4218444824219,1354082.25,0.00882513727992773,0.16255514615774155
OWT,Model 30M,67000,414.2579650878906,477.8876647949219,1359186.75,0.00889228843152523,0.1619018966257572
OWT,Model 30M,67500,415.8156433105469,484.0536804199219,1364270.375,0.008959286846220493,0.15963282373547555
OWT,Model 30M,68000,417.36456298828125,490.0094909667969,1369344.125,0.009026159532368183,0.16370123460888863
OWT,Model 30M,68500,418.9138488769531,494.71038818359375,1374407.75,0.00909329392015934,0.15847496683895587
OWT,Model 30M,69000,420.44854736328125,501.06903076171875,1379427.5,0.009160041809082031,0.15154427327215672
OWT,Model 30M,69500,421.97198486328125,502.77728271484375,1384362.0,0.0092265410348773,0.16419947431981563
OWT,Model 30M,70000,423.50579833984375,500.61492919921875,1389390.0,0.00929374061524868,0.16216811640560627
OWT,Model 30M,70500,425.0168151855469,498.8187561035156,1394317.25,0.009360176511108875,0.1613249554038048
OWT,Model 30M,71000,426.5274658203125,495.8337707519531,1399242.625,0.00942683219909668,0.16073533935844897
OWT,Model 30M,71500,428.0475769042969,492.4222106933594,1404284.125,0.009494144469499588,0.16281957675516606
OWT,Model 30M,72000,429.5623474121094,488.7559509277344,1409247.5,0.00956145953387022,0.16043333292007447
OWT,Model 30M,72500,431.07769775390625,487.44244384765625,1414174.875,0.00962903629988432,0.16339973555505274
OWT,Model 30M,73000,432.5885009765625,489.40960693359375,1419094.875,0.009696649387478828,0.1644930777400732
OWT,Model 30M,73500,434.09100341796875,490.00543212890625,1423963.75,0.009764125570654869,0.1635076227337122
OWT,Model 30M,74000,435.60076904296875,491.8320007324219,1428872.75,0.009832162410020828,0.1586366036683321
OWT,Model 30M,74500,437.1171569824219,493.70947265625,1433797.75,0.009900734759867191,0.1606874112635851
OWT,Model 30M,75000,438.5863342285156,495.9049987792969,1438596.75,0.009967400692403316,0.16516577430069446
OWT,Model 30M,75500,440.07318115234375,500.221435546875,1443467.25,0.010035094805061817,0.16212415601313115
OWT,Model 30M,76000,441.5626220703125,499.2331848144531,1448326.0,0.010103139095008373,0.16546555835008622
OWT,Model 30M,76500,443.00836181640625,494.4617614746094,1453006.25,0.01016940362751484,0.16047928529977798
OWT,Model 30M,77000,444.48248291015625,490.9562072753906,1457826.25,0.010237195529043674,0.16400165055692195
OWT,Model 30M,77500,445.94915771484375,487.8191223144531,1462614.625,0.010304865427315235,0.1690116077810526
OWT,Model 30M,78000,447.4270324707031,481.14227294921875,1467459.25,0.010373279452323914,0.15977343767881394
OWT,Model 30M,78500,448.8978576660156,475.0873718261719,1472300.375,0.010441591031849384,0.15749224342405796
OWT,Model 30M,79000,450.3605041503906,467.85369873046875,1477044.875,0.01050974614918232,0.15625591030716895
OWT,Model 30M,79500,451.8200988769531,457.51947021484375,1481833.5,0.010577977634966373,0.1588201105296612
OWT,Model 30M,80000,453.264404296875,450.85107421875,1486522.0,0.010645713657140732,0.15860301919281483
OWT,Model 30M,80500,454.7100524902344,450.488037109375,1491248.0,0.01071373000741005,0.1644869809895754
OWT,Model 30M,81000,456.1791076660156,452.8656005859375,1496064.5,0.010783068835735321,0.16479043433070184
OWT,Model 30M,81500,457.62799072265625,453.8047180175781,1500792.0,0.010851673781871796,0.16218816459178925
OWT,Model 30M,82000,459.0834045410156,456.5565185546875,1505567.0,0.010920805856585503,0.16146851032972337
OWT,Model 30M,82500,460.5138244628906,455.59649658203125,1510249.75,0.010988964699208736,0.1672379114329815
OWT,Model 30M,83000,461.94500732421875,453.4345703125,1514918.125,0.011057375930249691,0.1609897920638323
OWT,Model 30M,83500,463.35992431640625,451.7194519042969,1519521.5,0.011125215329229832,0.16324993373453617
OWT,Model 30M,84000,464.76971435546875,449.60992431640625,1524130.5,0.011193016543984413,0.1594342045634985
OWT,Model 30M,84500,466.1949768066406,451.2154541015625,1528818.0,0.0112617714330554,0.1599655211865902
OWT,Model 30M,85000,467.61456298828125,452.10150146484375,1533448.0,0.011330459266901016,0.16564241567254068
OWT,Model 30M,85500,469.0415344238281,453.76019287109375,1538108.25,0.011399717070162296,0.15931959344446658
OWT,Model 30M,86000,470.4689025878906,454.81707763671875,1542763.0,0.011469204910099506,0.16421395763754845
OWT,Model 30M,86277,471.2440490722656,456.77069091796875,1545281.75,0.01150702964514494,0.1642948704957962
OWT,Model 7M,500,54.13017272949219,273.8200988769531,109285.765625,0.0004554829210974276,0.055276106469333175
OWT,Model 7M,1000,57.927101135253906,396.4612731933594,116415.78125,0.000521621375810355,0.05787951966375113
OWT,Model 7M,1500,61.64686584472656,475.36114501953125,123337.84375,0.0005907607264816761,0.07064053715020419
OWT,Model 7M,2000,65.21143341064453,530.5468139648438,129967.6796875,0.0006610513664782047,0.08136653156578541
OWT,Model 7M,2500,68.5880126953125,567.1428833007812,136256.484375,0.0007312787929549813,0.08457682960480452
OWT,Model 7M,3000,71.73406982421875,600.822998046875,142083.421875,0.0007999020745046437,0.08545399586111307
OWT,Model 7M,3500,74.75889587402344,625.0323486328125,147683.5625,0.0008687841473147273,0.08782426053285598
OWT,Model 7M,4000,77.70042419433594,635.3245239257812,153126.09375,0.0009384974255226552,0.10028648103773594
OWT,Model 7M,4500,80.52271270751953,644.8341064453125,158325.53125,0.0010079131461679935,0.10094844609498978
OWT,Model 7M,5000,83.23019409179688,655.6290283203125,163315.640625,0.001076832297258079,0.10246966191381215
OWT,Model 7M,5500,85.86035919189453,670.3439331054688,168172.734375,0.0011459662346169353,0.09945116729289294
OWT,Model 7M,6000,88.40394592285156,684.4247436523438,172851.9375,0.0012148701352998614,0.10887088187038899
OWT,Model 7M,6500,90.90235900878906,694.3763427734375,177480.96875,0.0012845078017562628,0.10058013882488012
OWT,Model 7M,7000,93.30520629882812,700.559814453125,181905.5625,0.001353313447907567,0.09971776510030031
OWT,Model 7M,7500,95.65243530273438,702.8724975585938,186245.09375,0.0014222608879208565,0.09966374003142119
OWT,Model 7M,8000,97.90354919433594,698.8023071289062,190393.265625,0.001489992719143629,0.111232606343925
OWT,Model 7M,8500,100.1360855102539,696.339111328125,194522.359375,0.0015587224625051022,0.11017719712108373
OWT,Model 7M,9000,102.30754089355469,693.2490844726562,198546.53125,0.0016270587220788002,0.10715419033914804
OWT,Model 7M,9500,104.44375610351562,695.5233764648438,202504.03125,0.0016957147745415568,0.1112999422326684
OWT,Model 7M,10000,106.551513671875,702.20458984375,206400.203125,0.001764847431331873,0.10701694682985544
OWT,Model 7M,10500,108.63017272949219,711.786865234375,210245.1875,0.001834378344938159,0.1058547312989831
OWT,Model 7M,11000,110.6706314086914,719.4065551757812,214038.625,0.0019039390608668327,0.1123419932499528
OWT,Model 7M,11500,112.66642761230469,725.7913818359375,217741.78125,0.001973228296265006,0.10677205308526755
OWT,Model 7M,12000,114.61424255371094,726.6783447265625,221326.5625,0.002042046980932355,0.11469874475896359
OWT,Model 7M,12500,116.54412078857422,723.9475708007812,224894.78125,0.0021113946568220854,0.11235708551853896
OWT,Model 7M,13000,118.4277572631836,717.8560791015625,228375.09375,0.0021801975090056658,0.11508387623727322
OWT,Model 7M,13500,120.29159545898438,712.8814086914062,231837.296875,0.0022493626456707716,0.10898451735824347
OWT,Model 7M,14000,122.16334533691406,709.0745849609375,235326.375,0.0023199087008833885,0.11599075121432542
OWT,Model 7M,14500,124.00349426269531,707.8698120117188,238746.21875,0.002390325302258134,0.12037398759275675
OWT,Model 7M,15000,125.79783630371094,713.5596923828125,242064.328125,0.002460002200677991,0.11380452360957861
OWT,Model 7M,15500,127.57111358642578,723.9887084960938,245342.640625,0.002529844641685486,0.11352527388185263
OWT,Model 7M,16000,129.34498596191406,732.2207641601562,248605.09375,0.0026006896514445543,0.12169026858359576
OWT,Model 7M,16500,131.0957794189453,737.8440551757812,251880.21875,0.0026715712156146765,0.12005512128025293
OWT,Model 7M,17000,132.81077575683594,740.78271484375,255061.265625,0.002741927746683359,0.11582806463539601
OWT,Model 7M,17500,134.50927734375,743.3640747070312,258211.703125,0.002812507562339306,0.11693044243752956
OWT,Model 7M,18000,136.18023681640625,745.8564453125,261314.234375,0.002882820088416338,0.12194870341569185
OWT,Model 7M,18500,137.84841918945312,749.6268920898438,264420.1875,0.00295388069935143,0.11808850441873074
OWT,Model 7M,19000,139.486083984375,754.155517578125,267444.6875,0.0030244821682572365,0.12098108638077974
OWT,Model 7M,19500,141.10906982421875,756.4578857421875,270461.46875,0.003095274791121483,0.1198812162205577
OWT,Model 7M,20000,142.7211151123047,755.4464721679688,273461.1875,0.003166400594636798,0.11618218001723289
OWT,Model 7M,20500,144.32835388183594,757.0218505859375,276455.125,0.0032381194178014994,0.12071571730077267
OWT,Model 7M,21000,145.9305877685547,756.5950317382812,279447.0625,0.0033104128669947386,0.12044967349618674
OWT,Model 7M,21500,147.490478515625,758.5427856445312,282337.3125,0.0033815628848969936,0.11734511471539735
OWT,Model 7M,22000,149.04930114746094,760.4807739257812,285261.78125,0.0034534193109720945,0.12174536985158921
OWT,Model 7M,22500,150.5694122314453,761.7066650390625,288085.9375,0.003524220548570156,0.12286184082180261
OWT,Model 7M,23000,152.11595153808594,758.8551635742188,290957.53125,0.0035969894379377365,0.12329544103890658
OWT,Model 7M,23500,153.64764404296875,758.2908935546875,293817.125,0.0036697920877486467,0.11953141067177057
OWT,Model 7M,24000,155.1336669921875,751.5595703125,296616.96875,0.003741121618077159,0.12364481709897518
OWT,Model 7M,24500,156.64013671875,744.9132690429688,299433.84375,0.0038141331169754267,0.12025217847526073
OWT,Model 7M,25000,158.1077117919922,735.8704223632812,302168.53125,0.0038859385531395674,0.11986953476816416
OWT,Model 7M,25500,159.58865356445312,727.9783325195312,304909.875,0.003959076479077339,0.12027337241917849
OWT,Model 7M,26000,161.04696655273438,720.0369262695312,307631.0,0.0040317620150744915,0.1197406065762043
OWT,Model 7M,26500,162.45802307128906,712.7139892578125,310251.8125,0.004102722276002169,0.12111664883047342
OWT,Model 7M,27000,163.8946533203125,704.0458374023438,312922.8125,0.004175605718046427,0.12411106464266777
OWT,Model 7M,27500,165.32662963867188,694.7639770507812,315599.25,0.0042488910257816315,0.12050799056142568
OWT,Model 7M,28000,166.74571228027344,687.335693359375,318243.53125,0.004322144668549299,0.12281346052885056
OWT,Model 7M,28500,168.1548614501953,680.0363159179688,320864.875,0.004395505879074335,0.12450580573827029
OWT,Model 7M,28759,168.8787078857422,678.6529541015625,322208.8125,0.004433429799973965,0.1260964832007885
OWT,Model 7M,29000,169.55870056152344,677.078125,323468.5,0.004469204694032669,0.1256289675310254
OWT,Model 7M,29500,170.95033264160156,674.5579833984375,326096.25,0.004542867187410593,0.12409600744396448
OWT,Model 7M,30000,172.34141540527344,673.8363037109375,328692.21875,0.0046171024441719055,0.12745296665281058
OWT,Model 7M,30500,173.71485900878906,674.2484130859375,331261.40625,0.004690985661000013,0.122773530267179
OWT,Model 7M,31000,175.08656311035156,674.174560546875,333824.6875,0.004765360150486231,0.12299470417201519
OWT,Model 7M,31500,176.4467315673828,675.476318359375,336350.71875,0.004839689005166292,0.12214998042583465
OWT,Model 7M,32000,177.79885864257812,676.6376342773438,338876.375,0.004914147779345512,0.12657319859415292
OWT,Model 7M,32500,179.15660095214844,678.2304077148438,341415.40625,0.004989487584680319,0.12340648433566094
OWT,Model 7M,33000,180.50001525878906,675.5010986328125,343911.25,0.005064596887677908,0.12346024338901043
OWT,Model 7M,33500,181.82037353515625,674.6302490234375,346380.125,0.005138962995260954,0.12393717896938324
OWT,Model 7M,34000,183.1584014892578,673.11328125,348902.78125,0.005214876029640436,0.12540685679018498
OWT,Model 7M,34500,184.45703125,673.5584106445312,351331.125,0.005289089400321245,0.12207433388382197
OWT,Model 7M,35000,185.78294372558594,673.5264282226562,353817.3125,0.005365401040762663,0.1258404778018594
OWT,Model 7M,35500,187.10987854003906,671.8427734375,356317.0625,0.005442317109555006,0.12001072257757187
OWT,Model 7M,36000,188.41571044921875,667.9427490234375,358773.46875,0.005518547259271145,0.12486068452149629
OWT,Model 7M,36500,189.7069091796875,661.2224731445312,361201.375,0.0055944412015378475,0.11968216472119093
OWT,Model 7M,37000,190.98480224609375,652.5972290039062,363572.46875,0.005670065525919199,0.12300814460217953
OWT,Model 7M,37500,192.26588439941406,641.7870483398438,365975.90625,0.0057463874109089375,0.12656018602102995
OWT,Model 7M,38000,193.5384979248047,632.232177734375,368365.96875,0.0058227102272212505,0.12654501073807478
OWT,Model 7M,38500,194.8009490966797,623.77490234375,370728.375,0.00589892128482461,0.1306641832590103
OWT,Model 7M,39000,196.0811004638672,615.4476318359375,373146.21875,0.005976707208901644,0.12837450045347215
OWT,Model 7M,39500,197.33006286621094,609.9227905273438,375489.75,0.006053085904568434,0.1238872541859746
OWT,Model 7M,40000,198.56793212890625,606.2139892578125,377804.15625,0.006129266228526831,0.12839419619739056
OWT,Model 7M,40500,199.81381225585938,602.3965454101562,380151.875,0.00620642164722085,0.12272430362552404
OWT,Model 7M,41000,201.0360107421875,602.217529296875,382445.75,0.006282576825469732,0.12400859609246254
OWT,Model 7M,41500,202.26785278320312,603.6361694335938,384733.3125,0.006359804887324572,0.12480555476993323
OWT,Model 7M,42000,203.48831176757812,604.1077270507812,387007.0,0.006436784286051989,0.12471668805927039
OWT,Model 7M,42500,204.712646484375,600.868408203125,389324.5,0.006514471955597401,0.1299147208854556
OWT,Model 7M,43000,205.92019653320312,596.031982421875,391614.0,0.006591553799808025,0.1267445909306407
OWT,Model 7M,43500,207.11886596679688,590.4927978515625,393868.9375,0.006668516434729099,0.12674569643288852
OWT,Model 7M,44000,208.31845092773438,584.4907836914062,396103.21875,0.006745983846485615,0.12448350128531456
OWT,Model 7M,44500,209.51536560058594,578.2623291015625,398349.6875,0.0068237255327403545,0.13182460315525532
OWT,Model 7M,45000,210.722412109375,570.550537109375,400633.0625,0.006902575958520174,0.12574344403296708
OWT,Model 7M,45500,211.91192626953125,563.7105712890625,402864.4375,0.0069807241670787334,0.12294241189956664
OWT,Model 7M,46000,213.0958709716797,557.5721435546875,405085.8125,0.007058943156152964,0.12777762148529292
OWT,Model 7M,46500,214.2715606689453,553.08056640625,407279.125,0.007137049455195665,0.130393658131361
OWT,Model 7M,47000,215.4449920654297,550.3565063476562,409491.5625,0.007215431425720453,0.12408210510015488
OWT,Model 7M,47500,216.6239776611328,551.9697265625,411702.875,0.007294616661965847,0.13038702333718538
OWT,Model 7M,48000,217.78482055664062,557.056640625,413870.6875,0.007373006083071232,0.12700872892141343
OWT,Model 7M,48500,218.9457550048828,561.0491943359375,416053.125,0.007451820652931929,0.1247641800120473
OWT,Model 7M,49000,220.0898895263672,562.418212890625,418224.3125,0.0075299059972167015,0.12522115090489389
OWT,Model 7M,49500,221.24354553222656,562.5681762695312,420384.6875,0.007609050255268812,0.12431932377815247
OWT,Model 7M,50000,222.39537048339844,562.1025390625,422546.75,0.007688485085964203,0.12807080545276403
OWT,Model 7M,50500,223.53912353515625,559.43603515625,424707.125,0.0077677699737250805,0.12295434849709272
OWT,Model 7M,51000,224.6715850830078,559.297119140625,426828.8125,0.00784667395055294,0.12634496764838696
OWT,Model 7M,51500,225.806640625,556.8318481445312,428956.375,0.007926156744360924,0.12645655584335327
OWT,Model 7M,52000,226.95018005371094,555.7550659179688,431103.375,0.00800663884729147,0.12850986148416996
OWT,Model 7M,52500,228.07594299316406,554.9032592773438,433242.5625,0.008086267858743668,0.121465549595654
OWT,Model 7M,53000,229.20970153808594,553.5443725585938,435387.40625,0.008166861720383167,0.12976856633275746
OWT,Model 7M,53500,230.33761596679688,553.9854736328125,437506.4375,0.008247435092926025,0.1309728507846594
OWT,Model 7M,54000,231.4620361328125,552.9769897460938,439609.5,0.008328153751790524,0.12537653389573097
OWT,Model 7M,54500,232.58621215820312,553.9575805664062,441711.5,0.008409248664975166,0.12846041046082973
OWT,Model 7M,55000,233.6895294189453,555.2005004882812,443793.09375,0.008489218540489674,0.1285933858156204
OWT,Model 7M,55500,234.7825927734375,555.7281494140625,445833.6875,0.008568819612264633,0.12620919252187013
OWT,Model 7M,56000,235.89559936523438,555.3168334960938,447919.46875,0.008650253526866436,0.12808392745256425
OWT,Model 7M,56500,236.995361328125,553.0203857421875,449986.40625,0.008731096982955933,0.12666117031872273
OWT,Model 7M,57000,238.1030731201172,550.9087524414062,452076.25,0.00881290528923273,0.13339624781161546
OWT,Model 7M,57500,239.18748474121094,547.3973388671875,454115.53125,0.008893364109098911,0.1256147358492017
OWT,Model 7M,57518,239.22335815429688,547.0894165039062,454182.1875,0.00889603141695261,0.13076089825481177
OWT,Model 7M,58000,240.27671813964844,542.4743041992188,456161.15625,0.008974545635282993,0.12934456384181978
OWT,Model 7M,58500,241.3766326904297,534.8933715820312,458251.125,0.009056899696588516,0.12837204513698816
OWT,Model 7M,59000,242.45059204101562,527.4839477539062,460288.8125,0.009137671440839767,0.12866016215831041
OWT,Model 7M,59500,243.52871704101562,518.8716430664062,462310.5625,0.00921911746263504,0.12874176168441773
OWT,Model 7M,60000,244.6029052734375,511.1488037109375,464359.875,0.009300626814365387,0.125793179102242
OWT,Model 7M,60500,245.66822814941406,506.71612548828125,466352.0625,0.009381815791130066,0.13209688256680965
OWT,Model 7M,61000,246.7330780029297,504.0462341308594,468364.0,0.009463325142860413,0.12679950480163096
OWT,Model 7M,61500,247.79920959472656,500.2410888671875,470365.15625,0.009545279666781425,0.12997103779017924
OWT,Model 7M,62000,248.8634490966797,495.301025390625,472371.90625,0.009627443738281727,0.13057850620150566
OWT,Model 7M,62500,249.9065399169922,490.36505126953125,474366.625,0.009708316065371037,0.1260009165406227
OWT,Model 7M,63000,250.95840454101562,486.9197082519531,476361.3125,0.009790212847292423,0.12895054218173027
OWT,Model 7M,63500,252.01815795898438,486.0181884765625,478345.0625,0.009873069822788239,0.12854916279762985
OWT,Model 7M,64000,253.0818328857422,486.77166748046875,480369.1875,0.00995658803731203,0.12358007829636336
OWT,Model 7M,64500,254.1359100341797,488.55181884765625,482354.8125,0.010039697401225567,0.12531543539464474
OWT,Model 7M,65000,255.17323303222656,488.46856689453125,484323.15625,0.010121822357177734,0.1313743763566017
OWT,Model 7M,65500,256.2085266113281,486.99658203125,486274.625,0.010204119607806206,0.12586729156970977
OWT,Model 7M,66000,257.2641296386719,484.25567626953125,488267.71875,0.01028837263584137,0.13080161177366972
OWT,Model 7M,66500,258.294921875,482.8431396484375,490221.625,0.010370984673500061,0.1331540152207017
OWT,Model 7M,67000,259.33984375,481.2192687988281,492179.59375,0.010455063544213772,0.1352895962893963
OWT,Model 7M,67500,260.3741149902344,480.9092102050781,494127.1875,0.010538620874285698,0.12819723626971244
OWT,Model 7M,68000,261.4180908203125,478.7261962890625,496103.6875,0.010623299516737461,0.12586806464195252
OWT,Model 7M,68500,262.4498596191406,475.2184143066406,498056.5,0.010707316920161247,0.1269973467439413
OWT,Model 7M,69000,263.49285888671875,472.34600830078125,500029.625,0.010792589746415615,0.12994524782896041
OWT,Model 7M,69500,264.51824951171875,467.44976806640625,501962.25,0.010876748710870743,0.1301537116020918
OWT,Model 7M,70000,265.54132080078125,464.9581298828125,503889.375,0.010961043648421764,0.13107167947292328
OWT,Model 7M,70500,266.5535888671875,464.52264404296875,505801.4375,0.011044769547879696,0.12435364209860564
OWT,Model 7M,71000,267.5812683105469,463.4256286621094,507745.5625,0.011130095459520817,0.13289630918204784
OWT,Model 7M,71500,268.6080017089844,462.89459228515625,509694.5625,0.011215673759579659,0.12839248730242253
OWT,Model 7M,72000,269.6196594238281,461.71722412109375,511628.78125,0.011300311423838139,0.1284824343547225
OWT,Model 7M,72500,270.6378173828125,461.982666015625,513541.03125,0.011385813355445862,0.12920028626173735
OWT,Model 7M,73000,271.6392517089844,465.2442932128906,515423.4375,0.011470232158899307,0.13448767612874507
OWT,Model 7M,73500,272.6495361328125,468.16888427734375,517323.0,0.011555705219507217,0.13096198136359452
OWT,Model 7M,74000,273.6526794433594,473.58319091796875,519210.0625,0.01164089236408472,0.12777011421322823
OWT,Model 7M,74500,274.6517028808594,478.0776062011719,521092.9375,0.011726041324436665,0.1282357144281268
OWT,Model 7M,75000,275.6548156738281,481.65338134765625,522986.15625,0.011811849661171436,0.1364859486296773
OWT,Model 7M,75500,276.63995361328125,488.88311767578125,524839.8125,0.011896424926817417,0.1292393958196044
OWT,Model 7M,76000,277.6285705566406,495.7916564941406,526709.5625,0.011981603689491749,0.13273109108954667
OWT,Model 7M,76500,278.618896484375,504.7203063964844,528570.5,0.012067233212292194,0.1279437550380826
OWT,Model 7M,77000,279.59820556640625,509.68157958984375,530412.125,0.012152210809290409,0.1300031050145626
OWT,Model 7M,77500,280.5925598144531,511.8736267089844,532282.75,0.012238794937729836,0.13757451382279395
OWT,Model 7M,78000,281.5884094238281,518.640625,534173.9375,0.01232581865042448,0.12798774104565383
OWT,Model 7M,78500,282.5947570800781,522.8375244140625,536081.625,0.012414073571562767,0.12549191109836103
OWT,Model 7M,79000,283.56744384765625,528.24609375,537904.75,0.012499676086008549,0.13068405544757844
OWT,Model 7M,79500,284.55377197265625,531.4129638671875,539774.75,0.012586775235831738,0.12933207181841136
OWT,Model 7M,80000,285.51861572265625,536.1488647460938,541606.8125,0.012672275304794312,0.129156813159585
OWT,Model 7M,80500,286.49945068359375,540.45166015625,543451.5625,0.01275948528200388,0.13275187844038008
OWT,Model 7M,81000,287.4874572753906,544.3182373046875,545344.9375,0.01284763589501381,0.1293111592978239
OWT,Model 7M,81500,288.4580383300781,546.6292114257812,547189.75,0.012934532016515732,0.1286533994600177
OWT,Model 7M,82000,289.44622802734375,549.17236328125,549045.625,0.013023304753005505,0.13250175381451845
OWT,Model 7M,82500,290.41259765625,551.601806640625,550867.125,0.013110406696796417,0.1320662527009845
OWT,Model 7M,83000,291.39080810546875,554.3475952148438,552711.3125,0.013198873959481716,0.12666181444376706
OWT,Model 7M,83500,292.35247802734375,557.6528930664062,554519.0,0.013286134228110313,0.13120096263289452
OWT,Model 7M,84000,293.3056945800781,559.6304931640625,556308.75,0.013372911140322685,0.12948258765786885
OWT,Model 7M,84500,294.2750549316406,562.3489379882812,558143.75,0.013461451046168804,0.12793672852218152
OWT,Model 7M,85000,295.2463684082031,561.7373046875,559979.5,0.01355045661330223,0.13326538087427617
OWT,Model 7M,85500,296.1900634765625,561.9061279296875,561762.3125,0.013637217693030834,0.12324410159885883
OWT,Model 7M,86000,297.1477355957031,559.4988403320312,563575.875,0.013725541532039642,0.13191403879970312
OWT,Model 7M,86277,297.6722717285156,559.3042602539062,564560.9375,0.013774039223790169,0.1334579836279154
