Model,Step,l1_norm,weight_variance,logit_norm,Avg_Probability,embedding_norm,Dataset
Model 124M,0,615904.5,0.0004000453627668,123.94972229003906,0.0002947967712243,123.9673309326172,Wikipedia
Model 124M,500,648317.4375,0.0004446911334525,346.26776123046875,0.0802593609467148,130.67330932617188,Wikipedia
Model 124M,1000,677266.125,0.0004882088105659,489.0779418945313,0.0980726199820637,136.85772705078125,Wikipedia
Model 124M,1500,704347.125,0.0005316939787007,615.08447265625,0.1032411144599318,142.7845458984375,Wikipedia
Model 124M,2000,729835.6875,0.0005751230055466,720.5767211914062,0.1161136015430092,148.4787139892578,Wikipedia
Model 124M,2500,754250.125,0.0006188263650983,800.2874145507812,0.120732094682753,154.00811767578125,Wikipedia
Model 124M,3000,777247.9375,0.0006619301857426,851.7653198242188,0.1241934217363596,159.2843017578125,Wikipedia
Model 124M,3500,799508.4375,0.0007052641012705,886.1654052734375,0.1282186565771698,164.42535400390625,Wikipedia
Model 124M,4000,821022.75,0.0007487213006243,897.6367797851562,0.1292839575558901,169.4254150390625,Wikipedia
Model 124M,4500,841445.5,0.0007915888563729,904.5253295898438,0.1386687864884734,174.2267303466797,Wikipedia
Model 124M,5000,861446.375,0.0008347329567186,900.3246459960938,0.1320845783501863,178.93255615234375,Wikipedia
Model 124M,5500,881039.1875,0.0008782035438343,899.4279174804688,0.1366701574400067,183.49362182617188,Wikipedia
Model 124M,6000,899833.9375,0.0009212561999447,899.5263061523438,0.1298241640180349,187.86492919921875,Wikipedia
Model 124M,6500,918227.75,0.0009643360972404,901.64599609375,0.1429381543695926,192.1515655517578,Wikipedia
Model 124M,7000,936266.8125,0.0010076286271214,905.0899658203124,0.1452565618306398,196.3766632080078,Wikipedia
Model 124M,7500,953604.5625,0.0010503301164135,904.3027954101562,0.1505775730162859,200.46832275390625,Wikipedia
Model 124M,8000,970486.0,0.0010930178686976,907.078125,0.1494566645026206,204.4822235107422,Wikipedia
Model 124M,8500,987487.3125,0.0011365247191861,907.8441772460938,0.1455615730434656,208.502685546875,Wikipedia
Model 124M,9000,1003880.1875,0.0011795442551374,912.142333984375,0.1428936211317777,212.4085693359375,Wikipedia
Model 124M,9500,1019860.375,0.0012225264217704,911.4967651367188,0.155273104429245,216.2481231689453,Wikipedia
Model 124M,10000,1035731.4375,0.0012658295454457,908.7174072265624,0.1561560768336057,220.051025390625,Wikipedia
Model 124M,10500,1051368.125,0.0013092431472614,893.1502685546875,0.157159453690052,223.80316162109372,Wikipedia
Model 124M,11000,1066369.5,0.0013517551124095,887.9992065429688,0.1533573984205722,227.41880798339844,Wikipedia
Model 124M,11500,1081322.75,0.001395015977323,886.0186767578125,0.1524530714154243,231.04583740234372,Wikipedia
Model 124M,12000,1095883.0,0.0014375856844708,888.5416259765625,0.1584812299460172,234.56329345703125,Wikipedia
Model 124M,12500,1110522.875,0.0014810563297942,891.5878295898438,0.1614583374261856,238.10215759277344,Wikipedia
Model 124M,13000,1124742.75,0.0015242281369864,895.7227172851562,0.1631279291510582,241.5648956298828,Wikipedia
Model 124M,13500,1139065.375,0.0015679333591833,892.3198852539062,0.1677821654379367,245.02574157714844,Wikipedia
Model 124M,14000,1153017.0,0.0016113431192934,894.336669921875,0.1707511291950941,248.41473388671875,Wikipedia
Model 124M,14500,1166992.5,0.0016553029417991,891.3803100585938,0.1602952245175838,251.8013458251953,Wikipedia
Model 124M,15000,1180855.25,0.0016993473982438,887.770263671875,0.1729181917309761,255.15264892578125,Wikipedia
Model 124M,15500,1194503.375,0.0017435516929253,881.5033569335938,0.1669032777547836,258.3828125,Wikipedia
Model 124M,16000,1207890.0,0.0017874975455924,877.9095458984375,0.1765280551463365,261.5367736816406,Wikipedia
Model 124M,16500,1221034.125,0.001831229426898,879.5214233398438,0.1757649522870779,264.6503295898437,Wikipedia
Model 124M,17000,1234126.0,0.0018751174211502,881.1181030273438,0.177149673551321,267.7430725097656,Wikipedia
Model 124M,17500,1247273.25,0.0019196150824427,881.5828247070312,0.1736272556632757,270.85107421875,Wikipedia
Model 124M,18000,1260175.875,0.0019640056416392,877.1024169921875,0.1785258630514145,273.9241027832031,Wikipedia
Model 124M,18500,1272901.875,0.0020080634858459,872.5380859375,0.1758318208456039,276.9487609863281,Wikipedia
Model 124M,19000,1285572.625,0.0020525190047919,868.7564697265625,0.181852616250515,279.974609375,Wikipedia
Model 124M,19500,1297966.25,0.002096451818943,868.5780639648438,0.1730069893896579,282.9384460449219,Wikipedia
Model 124M,20000,1310236.5,0.0021405033767223,872.791015625,0.1827364616692066,285.878662109375,Wikipedia
Model 124M,20500,1322447.75,0.0021846240852028,879.7489624023438,0.1879408561587333,288.80224609375,Wikipedia
Model 124M,21000,1334522.875,0.00222889194265,885.6581420898438,0.1859196972101927,291.7057800292969,Wikipedia
Model 124M,21500,1346729.625,0.0022738785482943,899.0137329101562,0.1832128555178642,294.6365661621094,Wikipedia
Model 124M,22000,1358760.125,0.0023184355814009,910.0928955078124,0.1865466442108154,297.50946044921875,Wikipedia
Model 124M,22500,1370523.375,0.0023626487236469,925.1578369140624,0.1870553827732801,300.338623046875,Wikipedia
Model 124M,23000,1382226.75,0.0024069626815617,940.7060546875,0.1852546110898256,303.1508483886719,Wikipedia
Model 124M,23500,1393705.625,0.0024512445088475,952.0463256835938,0.19236083060503,305.9364013671875,Wikipedia
Model 124M,24000,1405145.0,0.0024954380933195,958.3789672851562,0.182426309376955,308.690185546875,Wikipedia
Model 124M,24500,1416609.125,0.0025402039755135,962.1337890625,0.1931438060849905,311.4551086425781,Wikipedia
Model 124M,25000,1427792.0,0.0025843472685664,961.7714233398438,0.1847668523043394,314.16357421875,Wikipedia
Model 124M,25500,1439055.75,0.0026291827671229,960.407470703125,0.1947725653350353,316.8911437988281,Wikipedia
Model 124M,26000,1450172.125,0.0026736941654235,950.9419555664062,0.1936087131947279,319.5833435058594,Wikipedia
Model 124M,26500,1461288.625,0.0027186940424144,940.2892456054688,0.1963676831424236,322.281005859375,Wikipedia
Model 124M,27000,1472248.625,0.0027631281409412,926.1168823242188,0.19993894071877,324.9168701171875,Wikipedia
Model 124M,27500,1483173.75,0.0028077533934265,911.329345703125,0.19825120434165,327.54901123046875,Wikipedia
Model 124M,28000,1493830.75,0.0028520794585347,902.2496337890624,0.2018063261806965,330.1423034667969,Wikipedia
Model 124M,28500,1504446.625,0.00289635383524,896.2536010742188,0.185220052152872,332.7132263183594,Wikipedia
Model 124M,29000,1509920.25,0.0029193894006311,892.20361328125,0.196950828269124,334.0443420410156,Wikipedia
Model 30M,0,308018.34375,0.000400189863285,87.76112365722656,5.156243891178747e-05,87.80791473388672,Wikipedia
Model 30M,500,326142.0,0.0004507298290263,360.4827270507813,0.0918274041339755,93.1764678955078,Wikipedia
Model 30M,1000,343965.71875,0.0005059869727119,511.9220275878906,0.1071495176926255,98.7047119140625,Wikipedia
Model 30M,1500,360289.21875,0.0005604383768513,602.1629638671875,0.1167457928881049,103.87075805664062,Wikipedia
Model 30M,2000,375466.65625,0.000614782446064,663.2635498046875,0.1253833018764853,108.78675079345705,Wikipedia
Model 30M,2500,389995.1875,0.0006697096978314,715.806884765625,0.1330356751158833,113.54241180419922,Wikipedia
Model 30M,3000,403579.21875,0.0007238639518618,755.2404174804688,0.1344746852517128,118.0480728149414,Wikipedia
Model 30M,3500,416792.28125,0.0007788555813021,786.1686401367188,0.1403757628798485,122.45578002929688,Wikipedia
Model 30M,4000,429371.125,0.0008334080339409,812.2537841796875,0.1467198789268732,126.67737579345705,Wikipedia
Model 30M,4500,441385.21875,0.0008877166546881,832.833740234375,0.1515804854184389,130.72265625,Wikipedia
Model 30M,5000,453203.71875,0.0009428368066437,841.7833862304688,0.1451222105026245,134.69749450683594,Wikipedia
Model 30M,5500,464716.90625,0.0009983254130929,846.3366088867188,0.1500323109775781,138.58935546875,Wikipedia
Model 30M,6000,475765.3125,0.0010532337473705,841.1013793945312,0.1434144987463951,142.33963012695312,Wikipedia
Model 30M,6500,486682.5625,0.0011087656021118,833.3049926757812,0.1553575446158647,146.03948974609375,Wikipedia
Model 30M,7000,497240.5,0.0011642358731478,824.5584716796875,0.1571212669610977,149.64585876464844,Wikipedia
Model 30M,7500,507469.125,0.0012191756395623,819.9119873046875,0.1647755057960748,153.13613891601562,Wikipedia
Model 30M,8000,517304.40625,0.0012733858311548,816.158203125,0.1612422427088022,156.5074005126953,Wikipedia
Model 30M,8500,527178.5625,0.0013290428323671,816.6326293945312,0.1586041093468666,159.89639282226562,Wikipedia
Model 30M,9000,536684.5,0.0013834265992045,818.9220581054688,0.1527878876924514,163.13906860351562,Wikipedia
Model 30M,9500,546038.0625,0.0014383802190423,821.8134765625,0.1673796943724155,166.3524627685547,Wikipedia
Model 30M,10000,555237.3125,0.0014932053163647,827.46533203125,0.1649143558144569,169.49986267089844,Wikipedia
Model 30M,10500,564198.5,0.0015475559048354,828.1594848632812,0.1695198626369237,172.56536865234375,Wikipedia
Model 30M,11000,572845.6875,0.0016011846018955,832.075927734375,0.1696886888742446,175.5343475341797,Wikipedia
Model 30M,11500,581350.875,0.001654993626289,836.084716796875,0.1662815450578928,178.4667205810547,Wikipedia
Model 30M,12000,589703.0625,0.0017085260478779,840.586181640625,0.172758390173316,181.33154296875,Wikipedia
Model 30M,12500,598063.4375,0.0017628177301958,845.5216674804688,0.1767901286631822,184.16184997558597,Wikipedia
Model 30M,13000,606201.375,0.0018168574897572,848.2826538085938,0.1746580183804035,186.93826293945312,Wikipedia
Model 30M,13500,614259.6875,0.0018708585994318,849.6956176757812,0.1769435318261385,189.6744384765625,Wikipedia
Model 30M,14000,622174.9375,0.0019246229203417,853.5969848632812,0.1767952510118484,192.3656463623047,Wikipedia
Model 30M,14500,630016.25,0.0019788963254541,849.8745727539062,0.1648001642674207,195.048828125,Wikipedia
Model 30M,15000,637755.4375,0.0020331996493041,847.1505126953125,0.1785125662982463,197.69699096679688,Wikipedia
Model 30M,15500,645447.5,0.002087524626404,842.4392700195312,0.1748551035821438,200.3129425048828,Wikipedia
Model 30M,16000,652877.6875,0.0021408884786069,835.2123413085938,0.1814914762824774,202.85208129882807,Wikipedia
Model 30M,16500,660189.1875,0.0021943885367363,829.8194580078125,0.1831359061896801,205.36964416503903,Wikipedia
Model 30M,17000,667527.25,0.0022486478555947,820.8955688476562,0.1861639315485954,207.8912048339844,Wikipedia
Model 30M,17500,674834.75,0.00230283010751,808.8518676757812,0.1782289580106735,210.3826446533203,Wikipedia
Model 30M,18000,682029.5625,0.0023568863980472,795.741943359375,0.1835269563943147,212.83950805664065,Wikipedia
Model 30M,18500,689109.75,0.0024104595649987,783.2266845703125,0.1791631845384836,215.24598693847656,Wikipedia
Model 30M,19000,696105.875,0.0024643682409077,771.6742553710938,0.1829313914179802,217.64273071289065,Wikipedia
Model 30M,19500,703012.5,0.0025178524665534,764.1318969726562,0.180347860828042,219.99530029296875,Wikipedia
Model 30M,20000,709806.4375,0.0025712240021675,757.7523803710938,0.1854785457104444,222.31753540039065,Wikipedia
Model 30M,20500,716557.125,0.0026248022913932,754.7765502929688,0.1906618883013725,224.6285858154297,Wikipedia
Model 30M,21000,723190.0,0.0026779470499604,751.5386352539062,0.1854277215749025,226.8977813720703,Wikipedia
Model 30M,21500,729916.375,0.0027322759851813,748.9579467773438,0.1889158672392368,229.19273376464844,Wikipedia
Model 30M,22000,736598.375,0.0027867103926837,744.1751708984375,0.1878105145543813,231.4720001220703,Wikipedia
Model 30M,22500,743075.9375,0.0028402735479176,737.5634765625,0.1827099798768758,233.69168090820312,Wikipedia
Model 30M,23000,749583.0625,0.0028943151701241,730.6970825195312,0.1881373333185911,235.9082794189453,Wikipedia
Model 30M,23500,756002.1875,0.0029485782142728,722.60986328125,0.1889532084017992,238.1187896728516,Wikipedia
Model 30M,24000,762344.625,0.0030025381129235,717.4498901367188,0.1795179108232259,240.2927703857422,Wikipedia
Model 30M,24500,768633.5625,0.0030564491171389,710.7522583007812,0.1910267942845821,242.4464111328125,Wikipedia
Model 30M,25000,774837.0625,0.0031099256593734,705.927001953125,0.1865414230972528,244.5659942626953,Wikipedia
Model 30M,25500,781003.3125,0.0031634692568331,702.3703002929688,0.1897303332537412,246.6663055419922,Wikipedia
Model 30M,26000,787165.875,0.0032175478991121,699.2891235351562,0.1879298041164875,248.7735595703125,Wikipedia
Model 30M,26500,793224.875,0.0032717227004468,698.2866821289062,0.1952426530867815,250.8640899658203,Wikipedia
Model 30M,27000,799305.375,0.0033258234616369,700.4451293945312,0.1958658953607082,252.9373016357422,Wikipedia
Model 30M,27500,805294.125,0.0033794383052736,702.4112548828125,0.1921219000965356,254.97085571289065,Wikipedia
Model 30M,28000,811183.625,0.0034328065812587,706.3198852539062,0.1991078104823827,256.9623413085937,Wikipedia
Model 30M,28500,817122.8125,0.0034866069909185,709.501708984375,0.1851843587309122,258.9446716308594,Wikipedia
Model 30M,29000,820150.625,0.0035144619178026,710.5236206054688,0.1905934035778045,259.9640808105469,Wikipedia
Model 7M,0,102655.5546875,0.000400011515012,50.63226318359375,2.3920853454910684e-05,50.71732711791992,Wikipedia
Model 7M,500,108559.625,0.0004495666944421,330.1766662597656,0.085891466140747,53.76607131958008,Wikipedia
Model 7M,1000,115001.828125,0.0005099818808957,488.2186279296875,0.097406584456563,57.26480102539063,Wikipedia
Model 7M,1500,121222.96875,0.0005735150771215,581.1331787109375,0.1001345897391438,60.72754669189453,Wikipedia
Model 7M,2000,126996.5078125,0.0006367444293573,651.9789428710938,0.1107252323180437,63.98787689208984,Wikipedia
Model 7M,2500,132464.921875,0.0006998227909207,710.6146850585938,0.1142529204264283,67.0797348022461,Wikipedia
Model 7M,3000,137584.515625,0.0007623606943525,751.4135131835938,0.1139409548863768,70.01111602783203,Wikipedia
Model 7M,3500,142462.765625,0.0008249307866208,777.510009765625,0.1235835328847169,72.82672119140625,Wikipedia
Model 7M,4000,147081.96875,0.0008862594841048,792.4503784179688,0.1240650321021676,75.48502349853516,Wikipedia
Model 7M,4500,151389.203125,0.0009461734443902,800.5892944335938,0.1292536675184965,77.99490356445312,Wikipedia
Model 7M,5000,155582.296875,0.0010064949747174,806.7129516601562,0.1232235474959015,80.44327545166016,Wikipedia
Model 7M,5500,159651.78125,0.0010666386224329,808.6795654296875,0.1297464370504021,82.81226348876953,Wikipedia
Model 7M,6000,163520.875,0.001125686452724,808.3453979492188,0.12399248290807,85.07393646240234,Wikipedia
Model 7M,6500,167335.84375,0.0011857188073918,813.2565307617188,0.1345203147530555,87.31388092041016,Wikipedia
Model 7M,7000,171034.609375,0.0012456224067136,822.8584594726562,0.1360899700820446,89.4926528930664,Wikipedia
Model 7M,7500,174565.609375,0.0013040099292993,833.4595336914062,0.1428399171978235,91.56494903564452,Wikipedia
Model 7M,8000,177950.625,0.0013615093193948,843.5617065429688,0.1410841979533434,93.5595245361328,Wikipedia
Model 7M,8500,181408.3125,0.0014211467932909,850.5496215820312,0.1387882806956768,95.5839614868164,Wikipedia
Model 7M,9000,184670.515625,0.0014791206922382,859.2581787109375,0.1379189022928476,97.51244354248048,Wikipedia
Model 7M,9500,187889.78125,0.001537591102533,866.882568359375,0.1381217133328318,99.41960144042967,Wikipedia
Model 7M,10000,191097.703125,0.0015964369522407,876.1326293945312,0.1403121339604258,101.30390167236328,Wikipedia
Model 7M,10500,194240.328125,0.0016551805892959,882.2556762695312,0.1474168042838573,103.150634765625,Wikipedia
Model 7M,11000,197249.890625,0.0017129532061517,890.469970703125,0.1431296184957027,104.9354248046875,Wikipedia
Model 7M,11500,200253.234375,0.0017715732101351,895.2176513671875,0.1407808545231819,106.7159194946289,Wikipedia
Model 7M,12000,203177.515625,0.0018301112577319,892.3934326171875,0.1480341444015503,108.46451568603516,Wikipedia
Model 7M,12500,206126.78125,0.001889273058623,887.74462890625,0.1481710809022188,110.20416259765624,Wikipedia
Model 7M,13000,209004.375,0.0019480899209156,881.4431762695312,0.1481515166461467,111.90717315673828,Wikipedia
Model 7M,13500,211852.21875,0.0020068101584911,872.2341918945312,0.1553529208451509,113.5816879272461,Wikipedia
Model 7M,14000,214637.34375,0.0020659796427935,864.3524780273438,0.155309553578496,115.2450180053711,Wikipedia
Model 7M,14500,217430.515625,0.0021259244531393,852.6162109375,0.1426398440301418,116.90542602539062,Wikipedia
Model 7M,15000,220150.1875,0.0021846557501703,847.0888061523438,0.1508429370969534,118.5094223022461,Wikipedia
Model 7M,15500,222821.953125,0.0022437751758843,839.297607421875,0.1510078664273023,120.10342407226562,Wikipedia
Model 7M,16000,225486.40625,0.0023029930889606,832.2974853515625,0.1567247610539198,121.67845153808594,Wikipedia
Model 7M,16500,228105.359375,0.0023617802653461,828.1307373046875,0.15577705912292,123.2227783203125,Wikipedia
Model 7M,17000,230677.515625,0.0024209097027778,823.1829833984375,0.1551786963492631,124.7564926147461,Wikipedia
Model 7M,17500,233289.625,0.0024809322785586,814.887939453125,0.1498910827338695,126.29424285888672,Wikipedia
Model 7M,18000,235854.9375,0.0025406568311154,806.120849609375,0.1530117418766022,127.80402374267578,Wikipedia
Model 7M,18500,238330.328125,0.0025989874266088,797.7529907226562,0.1549259365499019,129.26055908203125,Wikipedia
Model 7M,19000,240843.40625,0.0026590549387037,789.6190185546875,0.1540546287596225,130.7435760498047,Wikipedia
Model 7M,19500,243312.578125,0.0027188225649297,784.136962890625,0.1491268094778061,132.20301818847656,Wikipedia
Model 7M,20000,245734.21875,0.0027784712146967,777.5460815429688,0.1586122696995735,133.64288330078125,Wikipedia
Model 7M,20500,248152.65625,0.0028384898323565,774.4171142578125,0.1591223109960556,135.07603454589844,Wikipedia
Model 7M,21000,250537.40625,0.002898255828768,768.2494506835938,0.1574768241494894,136.48959350585938,Wikipedia
Model 7M,21500,252987.234375,0.0029606255702674,763.625244140625,0.1589685963690281,137.94888305664062,Wikipedia
Model 7M,22000,255385.640625,0.0030216653831303,759.7718505859375,0.1559212164282798,139.36289978027344,Wikipedia
Model 7M,22500,257745.953125,0.0030825638677924,756.262451171875,0.1530520531535148,140.75892639160156,Wikipedia
Model 7M,23000,260095.484375,0.0031435003038495,748.4739990234375,0.1562008309066295,142.14271545410156,Wikipedia
Model 7M,23500,262402.40625,0.0032048260327428,738.6650390625,0.1550218835771084,143.52182006835938,Wikipedia
Model 7M,24000,264677.375,0.0032653966918587,728.7678833007812,0.155655201986432,144.87127685546875,Wikipedia
Model 7M,24500,266993.6875,0.0033267848193645,719.7229614257812,0.1569899951070547,146.22720336914062,Wikipedia
Model 7M,25000,269258.03125,0.003387949662283,715.6468505859375,0.1535205433517694,147.56520080566406,Wikipedia
Model 7M,25500,271536.125,0.0034500397741794,714.7557983398438,0.160889610171318,148.9114532470703,Wikipedia
Model 7M,26000,273766.0625,0.0035111797042191,712.6671142578125,0.1605345051139593,150.22544860839844,Wikipedia
Model 7M,26500,275996.21875,0.0035729298833757,708.2426147460938,0.159666578233242,151.5406494140625,Wikipedia
Model 7M,27000,278232.34375,0.0036354891490191,703.08740234375,0.1666766673922538,152.86248779296875,Wikipedia
Model 7M,27500,280450.71875,0.0036976027768105,694.7299194335938,0.1603505928963422,154.1624298095703,Wikipedia
Model 7M,28000,282630.59375,0.0037596598267555,688.4451904296875,0.159910614490509,155.45156860351562,Wikipedia
Model 7M,28500,284817.5,0.0038217650726437,682.4464111328125,0.1544101894497871,156.73155212402344,Wikipedia
Model 7M,29000,285956.46875,0.0038546978030353,677.9432373046875,0.1591849606484174,157.4048614501953,Wikipedia
